{
  "thresholds": {
    "MRRsOD": 0.9500000000000001,
    "MRRsOS": 0.6000000000000001,
    "LRRsOD": 0.9500000000000001,
    "LRRsOS": 0.45,
    "MRRcOD": 0.9500000000000001,
    "MRRcOS": 0.45,
    "LRRcOD": 0.6500000000000001,
    "LRRcOS": 0.5
  },
  "mcc_perlabel": {
    "MRRsOD": 0.8216577632246569,
    "MRRsOS": 0.7885486707941243,
    "LRRsOD": 0.6124794376948107,
    "LRRsOS": 0.8581879086112123,
    "MRRcOD": 0.8738628975053029,
    "MRRcOS": 0.7971913312948082,
    "LRRcOD": 0.6048048747469358,
    "LRRcOS": 0.5176886792452831
  }
}