{
  "thresholds": {
    "MRRsOD": 0.4,
    "MRRsOS": 0.6800000000000003,
    "LRRsOD": 0.4700000000000001,
    "LRRsOS": 0.4,
    "MRRcOD": 0.4900000000000001,
    "MRRcOS": 0.4800000000000001,
    "LRRcOD": 0.4800000000000001,
    "LRRcOS": 0.5200000000000001
  },
  "beta_coef": {
    "MRRsOD": [
      2.0938759092585486,
      -2.748255304805037,
      -0.6837329162869408
    ],
    "MRRsOS": [
      2.101339579482259,
      -3.2484046068471155,
      -0.9947636328527382
    ],
    "LRRsOD": [
      2.5021813812514275,
      -2.039851324024009,
      0.15516779206763157
    ],
    "LRRsOS": [
      2.944515563047014,
      -1.582137980651603,
      0.8844153981879338
    ],
    "MRRcOD": [
      2.3773123892068524,
      -2.4430213771354046,
      -0.1295941097160093
    ],
    "MRRcOS": [
      2.2546984590012564,
      -2.200100306741924,
      0.0406228596182548
    ],
    "LRRcOD": [
      2.9982089964509817,
      -2.263981556447856,
      0.6469929770698454
    ],
    "LRRcOS": [
      2.6619597701000948,
      -2.674518799438257,
      -0.045328722522506935
    ]
  },
  "mcc_perlabel": {
    "MRRsOD": 0.8692095401522076,
    "MRRsOS": 0.8457785591255186,
    "LRRsOD": 0.8332345590061144,
    "LRRsOS": 0.7197477101490078,
    "MRRcOD": 0.759795687359114,
    "MRRcOS": 0.7757381929218569,
    "LRRcOD": 0.6591774594687907,
    "LRRcOS": 0.7169452940217381
  }
}