{
  "T": 1.0,
  "brier": 0.11779995262622833,
  "auc_macro": 0.9384589164709881
}