{
  "auc_macro": 0.953415227407826,
  "mcc_macro": 0.8093687436894368,
  "f1_macro": 0.8559910047681787,
  "subset_acc": 0.5517241379310345,
  "hamming": 0.07974137931034483,
  "auc_perlabel": [
    0.9671717171717172,
    0.9526315789473685,
    0.9636363636363636,
    0.9939393939393939,
    0.983974358974359,
    1.0,
    0.9266826923076923,
    0.8392857142857143
  ],
  "mcc_perlabel": [
    0.8583045614131399,
    0.8335087534664907,
    0.7603826787755086,
    0.8581163303210332,
    0.9042179288717304,
    1.0,
    0.6869255793084834,
    0.5734941173591083
  ],
  "f1_perlabel": [
    0.9130434782608695,
    0.8888888888888888,
    0.75,
    0.8571428571428571,
    0.9090909090909091,
    1.0,
    0.8214285714285714,
    0.7083333333333334
  ]
}