{
  "hidden1": 109,
  "hidden2": 35,
  "dropout": 0.1965766707199661,
  "lr": 0.002948194004332276,
  "batch_size": 16
}