{
  "mae": {
    "mean": 0.42386161788490356,
    "ci_95": [
      0.40191127629479084,
      0.44626287816577154
    ]
  },
  "rmse": {
    "mean": 0.5658428942813969,
    "ci_95": [
      0.5240047280963809,
      0.6122772063064544
    ]
  },
  "r2": {
    "mean": 0.8568612631559372,
    "ci_95": [
      0.8337905272841454,
      0.8761316567659378
    ]
  }
}