{
  "mean": 0.5408005624711514,
  "ci_low": 0.5026056647300721,
  "ci_high": 0.5842402815818787
}