{
  "auc_macro": 0.9605787322297077,
  "mcc_macro": 0.7458015610213087,
  "f1_macro": 0.8042400801553882,
  "subset_acc": 0.5477735685108662,
  "hamming": 0.08164423837628679,
  "fold": 4.5
}