{
  "auc_macro": [
    0.9475425119905463,
    0.9629577582483108
  ],
  "mcc_macro": [
    0.7123218104193876,
    0.7613134423672824
  ],
  "f1_macro": [
    0.7795094577807176,
    0.823743859145359
  ],
  "subset_acc": [
    0.3890784982935154,
    0.46928327645051193
  ]
}